country,gdp_pc_initial,growth,sec_enroll,prim_enroll,inv_share,gov_share,pop_growth
Algeria,1302,0.01991354,0.08,0.46,0.17444,0.1557,0.0198
Angola,880,-0.01472415,0.02,0.21,0.0449,0.1292,0.0209
Benin,595,-0.00500653,0.02,0.27,0.09962,0.2495,0.0258
Botswana,493,0.05094783,0.01,0.42,0.098,0.2233,0.0264
Burundi,412,-0.00709916,0.01,0.18,0.02344,0.0672,0.0135
Cameroon,507,0.03079995,0.02,0.65,0.09022,0.207,0.0177
Central African Rep.,485,-0.00444417,0.01,0.32,0.11022,0.2664,0.0156
Congo,563,0.03462606,0.04,0.78,0.36284,0.207,0.023
Egypt,496,0.03493802,0.16,0.66,0.17016,0.1683,0.0258
Gabon,804,0.05402102,0.05,1,0.19298,0.104,0.0093
Gambia,433,0.00778254,0.03,0.12,0.1382,0.3079,0.0228
Ghana,534,-0.01701296,0.05,0.38,0.11694,0.0842,0.0265
Kenya,470,0.00963432,0.02,0.47,0.1734,0.1691,0.0357
Lesotho,245,0.04585721,0.03,0.83,0.0429,0.1432,0.0201
Liberia,449,0.00357685,0.02,0.31,0.453,0.2684,0.0265
Madagascar,659,-0.01128534,0.04,0.52,0.0644,0.1929,0.0236
Malawi,237,0.01961458,0.01,0.67,0.09094,0.2776,0.022
Mali,396,-0.00437186,0.01,0.1,0.05524,0.2738,0.0242
Mauritius,542,0.03248638,0.24,0.98,0.0501,0.1265,0.0229
Morocco,414,0.01136209,0.05,0.47,0.35596,0.2979,0.0273
Mozambique,798,-0.01652049,0.02,0.48,0.05458,0.1789,0.0218
Niger,284,0.01649931,0.005,0.05,0.07518,0.2167,0.0249
Nigeria,552,0.00204811,0.04,0.36,0.04804,0.0507,0.0251
Rwanda,244,0.01338857,0.02,0.49,0.0497,0.0988,0.0294
Senegal,756,-0.00010596,0.03,0.27,0.09606,0.2902,0.0233
Sierra Leone,281,0.0182086,0.02,0.23,0.0907,0.1813,0.0136
Somalia,483,-0.01311257,0.01,0.09,0.07746,0.1947,0.0346
South africa,2627,0.01565122,0.15,0.89,0.18102,0.1179,0.0219
Sudan,667,-0.00844884,0.03,0.25,0.11898,0.1158,0.0203
Swaziland,441,0.03960558,0.05,0.58,0.18462,0.1912,0.0314
Tanzania,208,0.02138319,0.02,0.25,0.1278,0.2791,0.0298
Togo,415,0.00656336,0.02,0.44,0.08758,0.163,0.0289
Tunisia,852,0.03512034,0.12,0.66,0.12048,0.156,0.0185
Uganda,322,0.00299093,0.03,0.49,0.0414,0.1674,0.0412
Zaire,314,-0.01609142,0.03,0.6,0.0253,0.1177,0.019
Zambia,740,-0.00946997,0.02,0.42,0.36086,0.1887,0.0278
Zimbabwe,615,0.01730929,0.06,0.96,0.2579,0.1839,0.0385
Barbados,1747,0.04372255,0.39,1,0.18756,0.117,0.0034
Canada,6069,0.02791657,0.46,1,0.23098,0.1367,0.0188
Costa Rica,1663,0.01863746,0.21,0.96,0.12928,0.2018,0.0345
Dominican Rep.,956,0.02425304,0.07,0.98,0.108,0.1706,0.0285
El Salvador,1062,0.00481998,0.13,0.8,0.07932,0.169,0.031
Guatemala,1268,0.00950201,0.07,0.45,0.07608,0.0734,0.0303
Haiti,605,0.0016831,0.04,0.46,0.03542,0.1396,0.0169
Honduras,748,0.0078856,0.08,0.67,0.11866,0.1277,0.0341
Jamaica,1472,0.0063442,0.45,0.92,0.24232,0.0926,0.0142
Mexico,2157,0.02455276,0.11,0.8,0.17044,0.0675,0.032
Nicaragua,1588,0.00900627,0.07,0.66,0.13006,0.1137,0.0268
Panama,1255,0.03366818,0.29,0.96,0.21728,0.2271,0.0295
Trinidad & Tobago,4904,0.01356595,0.24,0.88,0.17756,0.0363,0.031
United States,7380,0.02118047,0.86,1,0.20156,0.1842,0.0146
Argentina,3091,0.00481041,0.23,0.98,0.25374,0.0984,0.0155
Bolivia,882,0.00843292,0.12,0.64,0.12702,0.1386,0.0228
Brazil,991,0.04789975,0.11,0.95,0.2378,0.1908,0.0299
Chile,2932,0.00692281,0.24,1,0.3459,0.1689,0.023
Colombia,1344,0.02637906,0.12,0.77,0.19212,0.1104,0.032
Ecuador,1143,0.02945524,0.12,0.83,0.23302,0.154,0.0299
Guyana,1386,-0.00384417,0.33,1,0.37698,0.1603,0.0248
Paraguay,991,0.02800744,0.11,0.98,0.06638,0.1203,0.0255
Peru,1721,0.00822705,0.15,0.83,0.13666,0.1336,0.03
Suriname,1558,0.03262504,0.28,1,0.2594,0.3287,0.0271
Uruguay,3271,0.00227003,0.37,1,0.1064,0.1338,0.0119
Venezuela,5308,-0.01611324,0.21,1,0.06816,0.0649,0.0389
Bangladesh,444,0.01506087,0.08,0.47,0.0738,0.0611,0.0246
Myanmar (Burma),306,0.02395921,0.1,0.56,0.10412,0.2029,0.0215
Hong Kong,1737,0.06621382,0.2,0.87,0.22212,0.0268,0.0321
India,533,0.01366207,0.2,0.61,0.14032,0.2534,0.0228
Indonesia,493,0.03588159,0.06,0.71,0.027133,0.0355,0.039
"Iran, I.R. of",1839,0.03029519,0.12,0.42,0.16082,0.0553,0.0341
Iraq,2527,0.00428875,0.19,0.65,0.08562,0.1532,0.0305
Israel,2838,0.03170707,0.48,0.98,0.34436,0.2615,0.0385
Japan,2239,0.05758672,0.74,1,0.30274,0.1255,0.0099
Jordan,1124,0.0252486,0.25,0.77,0.096,0.2632,0.0293
Korea,690,0.05952682,0.27,0.94,0.09558,0.2038,0.0276
Kuwait,48987,-0.04769375,0.37,1,0.03724,0.0331,0.0978
Malaysia,1103,0.04520575,0.19,0.96,0.16828,0.1409,0.03
Nepal,478,0.00382762,0.06,0.1,0.0291,0.0449,0.0191
Pakistan,558,0.02903054,0.11,0.3,0.16442,0.1918,0.0268
Philippines,874,0.01771579,0.26,0.95,0.12914,0.1503,0.0297
Saudi Arabia,3635,0.01985221,0.02,0.12,0.03062,0.0563,0.0325
Singapore,1528,0.07447544,0.32,1,0.17038,0.0808,0.0272
Sri Lanka,974,0.01829907,0.27,0.95,0.12268,0.32,0.0237
Syria,1234,0.03417799,0.16,0.65,0.13298,0.082,0.031
Taiwan,866,0.0567805,0.51,0.96,0.13064,0.2873,0.0314
Thailand,688,0.04063281,0.13,0.83,0.13944,0.1016,0.0302
Austria,3908,0.03305115,0.5,1,0.21124,0.1684,0.0058
Belgium,4379,0.03188226,0.69,1,0.23906,0.1299,0.0071
Cyprus,1692,0.04574722,0.47,1,0.32578,0.2173,0.0031
Denmark,5490,0.02737462,0.65,1,0.27146,0.1643,0.0076
Finland,4073,0.03273184,0.74,0.97,0.38898,0.127,0.006
France,4473,0.03185168,0.46,1,0.2456,0.1502,0.013
"Germany, West",5217,0.02876274,0.53,1,0.3185,0.156,0.0112
Greece,1474,0.04432262,0.37,1,0.27082,0.1399,0.0053
Iceland,4644,0.02663005,0.61,1,0.2623,0.0721,0.0195
Ireland,2545,0.02861956,0.35,1,0.19378,0.153,0.0031
Italy,3233,0.03325769,0.34,1,0.29036,0.16,0.007
Luxembourg,6112,0.02179694,0.29,1,0.32664,0.086,0.0111
Malta,1282,0.05691456,0.21,1,0.33068,0.2399,-0.0062
Netherlands,4690,0.02647849,0.58,1,0.27884,0.1556,0.0136
Norway,5001,0.03703531,0.57,1,0.27976,0.1599,0.0078
Portugal,1429,0.03836661,0.2,1,0.21278,0.132,0.0041
Spain,2425,0.03904924,0.23,1,0.16776,0.0948,0.0102
Sweden,5149,0.02616545,0.55,0.96,0.26512,0.2305,0.0067
Switzerland,6834,0.01770841,0.26,1,0.31976,0.0695,0.0176
Turkey,1255,0.02809075,0.14,0.75,0.16884,0.1432,0.0249
United Kingdom,4970,0.02223488,0.66,0.92,0.1852,0.2211,0.0068
Australia,5182,0.02140906,0.51,1,0.3354,0.1131,0.0206
Fiji,1799,0.01900252,0.15,0.85,0.20886,0.1505,0.0327
New Zealand,5571,0.01447468,0.73,1,0.22554,0.2083,0.0204
Papua New Guinea,1008,0.01239032,0.01,0.32,0.10206,0.3638,0.0205
