source_id,citation_key,title,authors,year,venue,volume_issue_pages,doi,publisher_url,working_paper_url,cnki_url,google_scholar_url,openalex_id,semantic_scholar_id,zotero_key,pdf_hash,acquisition_source,verification_status,verification_notes,topic_relevance,method_relevance,data_relevance,contribution_role,used_in_section
robot_wage_closest_us,acemoglu_restrepo_robots_jobs_2020,Robots and Jobs: Evidence from US Labor Markets,"Acemoglu, Daron; Restrepo, Pascual",2020,Journal of Political Economy,128(6):2188-2244,10.1086/705716,https://www.journals.uchicago.edu/doi/10.1086/705716,https://www.nber.org/papers/w23285,,https://scholar.google.com/scholar?q=Robots+and+Jobs:+Evidence+from+US+Labor+Markets,,,,,official_source_seed,doi_verified,Official DOI and NBER working paper page identify JPE publication.,industrial robot exposure and local labor market wages/employment,local labor market shift-share robot exposure,IFR robot data linked to local labor markets,closest_paper,Literature and Contribution; Empirical Strategy
robot_data_restat_anchor,graetz_michaels_robots_work_2018,Robots at Work,"Graetz, Georg; Michaels, Guy",2018,Review of Economics and Statistics,100(5):753-768,10.1162/rest_a_00754,https://direct.mit.edu/rest/article/100/5/753/58489/Robots-at-Work,,,https://scholar.google.com/scholar?q=Robots+at+Work,,,,,official_source_seed,doi_verified,"MIT Press journal page confirms DOI, title and page range.",industrial robot adoption and productivity/labor outcomes,country-industry panel robot use,IFR country-industry robot use,data_reference,Data and Measurement; Literature and Contribution
robot_adjustment_germany,dauth_findeisen_suedekum_woessner_2021,The Adjustment of Labor Markets to Robots,"Dauth, Wolfgang; Findeisen, Sebastian; Suedekum, Jens; Woessner, Nicole",2021,Journal of the European Economic Association,19(6):3104-3153,10.1093/jeea/jvab012,https://academic.oup.com/jeea/article/19/6/3104/6179884,,,https://scholar.google.com/scholar?q=The+Adjustment+of+Labor+Markets+to+Robots,,,,,official_source_seed,doi_verified,"Oxford Academic page confirms DOI, venue and robot labor market adjustment design.",robot exposure and labor market adjustment,predicted shift-share robot exposure,German administrative local labor market data,closest_paper,Literature and Contribution; Robustness / Mechanisms / Heterogeneity
polarization_aer_anchor,autor_dorn_service_jobs_2013,The Growth of Low-Skill Service Jobs and the Polarization of the US Labor Market,"Autor, David H.; Dorn, David",2013,American Economic Review,103(5):1553-1597,10.1257/aer.103.5.1553,https://www.aeaweb.org/articles?id=10.1257/aer.103.5.1553,,,https://scholar.google.com/scholar?q=The+Growth+of+Low-Skill+Service+Jobs+and+the+Polarization+of+the+US+Labor+Market,,,,,official_source_seed,doi_verified,AEA article page confirms DOI and AER publication.,employment and wage polarization,local labor markets and routine-task specialization,US commuting zones and occupational task content,method_reference,Literature and Contribution; Institutional Background / Theory / Context
task_theory_handbook,acemoglu_autor_tasks_2011,"Skills, Tasks and Technologies: Implications for Employment and Earnings","Acemoglu, Daron; Autor, David",2011,Handbook of Labor Economics,4B:1043-1171,10.1016/S0169-7218(11)02410-5,https://www.sciencedirect.com/science/article/pii/S0169721811024105,,,"https://scholar.google.com/scholar?q=Skills,+Tasks+and+Technologies:+Implications+for+Employment+and+Earnings",,,,,official_source_seed,doi_verified,ScienceDirect page confirms Handbook chapter and DOI.,task-based labor market framework,theoretical framework for skills/tasks/technology,guides variable grouping by tasks and skills,method_reference,Institutional Background / Theory / Context; Empirical Strategy
automation_task_aer_model,acemoglu_restrepo_race_2018,"The Race between Man and Machine: Implications of Technology for Growth, Factor Shares, and Employment","Acemoglu, Daron; Restrepo, Pascual",2018,American Economic Review,108(6):1488-1542,10.1257/aer.20160696,https://www.aeaweb.org/articles?id=10.1257/aer.20160696,,,"https://scholar.google.com/scholar?q=The+Race+between+Man+and+Machine:+Implications+of+Technology+for+Growth,+Factor+Shares,+and+Employment",,,,,official_source_seed,doi_verified,AEA article page confirms DOI and automation/new task framework.,"automation, new tasks, employment and labor share",displacement and reinstatement task model,conceptual mapping for treatment mechanism,method_reference,Institutional Background / Theory / Context; Empirical Strategy
wage_inequality_task_displacement,acemoglu_restrepo_tasks_wage_inequality_2022,"Tasks, Automation, and the Rise in U.S. Wage Inequality","Acemoglu, Daron; Restrepo, Pascual",2022,Econometrica,90(5),10.3982/ECTA19815,https://www.econometricsociety.org/publications/econometrica/2022/09/01/Tasks-Automation-and-the-Rise-in-US-Wage-Inequality,,,"https://scholar.google.com/scholar?q=Tasks,+Automation,+and+the+Rise+in+U.S.+Wage+Inequality",,,,,official_source_seed,doi_verified,Econometric Society publication page confirms DOI and task displacement focus.,automation and wage inequality,task displacement accounting,wage structure and education wage differential framework,review_source,Literature and Contribution; Main Results
firm_robot_adoption_spillover,acemoglu_lelarge_restrepo_competing_2020,Competing with Robots: Firm-Level Evidence from France,"Acemoglu, Daron; Lelarge, Claire; Restrepo, Pascual",2020,AEA Papers and Proceedings,110:383-388,10.1257/pandp.20201003,https://www.aeaweb.org/articles?id=10.1257/pandp.20201003,https://www.nber.org/papers/w26738,,https://scholar.google.com/scholar?q=Competing+with+Robots:+Firm-Level+Evidence+from+France,,,,,official_source_seed,doi_verified,AEA and NBER pages identify firm-level robot adoption evidence.,"firm robot adoption, employment and labor share",firm-level adoption and industry spillover comparison,firm-level robot adoption measures,contrasting_result,Literature and Contribution; Robustness / Mechanisms / Heterogeneity
shift_share_method_core,goldsmith_pinkham_sorkin_swift_bartik_2020,"Bartik Instruments: What, When, Why, and How","Goldsmith-Pinkham, Paul; Sorkin, Isaac; Swift, Henry",2020,American Economic Review,110(8):2586-2624,10.1257/aer.20181047,https://www.aeaweb.org/articles?id=10.1257/aer.20181047,,,"https://scholar.google.com/scholar?q=Bartik+Instruments:+What,+When,+Why,+and+How",,,,,official_source_seed,doi_verified,AEA article page is the method anchor for Bartik/shift-share instrument diagnostics.,Bartik and shift-share identification for local exposure designs,"instrument relevance, identifying variation and exogeneity diagnostics",share construction and shock-share decomposition,method_reference,Empirical Strategy; Robustness / Mechanisms / Heterogeneity
